김민준,010-1234-5678
이서연,010-2345-6789
박지훈,011-3456-7890
정은채,010-4567-8901
최도현,016-5678-9012
강소영,010-6789-0123
조민서,017-7890-1234
윤태현,010-8901-2345
장하린,018-9012-3456
임지우,010-0123-4567
한예린,019-1234-5678
오승현,010-2345-6789
신다은,010-3456-7890
권민재,011-4567-8901
양서진,010-5678-9012
홍준혁,016-6789-0123
노아름,010-7890-1234
백현우,017-8901-2345
문채원,010-9012-3456
서정민,018-0123-4567
고은솔,010-1357-2468
남주원,019-2468-1357
유한결,010-3579-4680
라예슬,010-4680-3579
마시온,011-5791-6802
구나연,010-6802-5791
변지안,016-7913-8024
사민혁,010-8024-7913
아서윤,017-9135-0246
차은비,010-0246-9135